gender,race/ethnicity,parental level of education,lunch,math score,reading score,writing score,studying
female,group B,bachelor's degree,standard,72,72,74,0
female,group C,some college,standard,69,90,88,1
female,group B,master's degree,standard,90,95,93,0
male,group A,associate's degree,free/reduced,47,57,44,0
male,group C,some college,standard,76,78,75,0
female,group B,associate's degree,standard,71,83,78,0
female,group B,some college,standard,88,95,92,1
male,group B,some college,free/reduced,40,43,39,0
male,group D,high school,free/reduced,64,64,67,1
female,group B,high school,free/reduced,38,60,50,0
male,group C,associate's degree,standard,58,54,52,0
male,group D,associate's degree,standard,40,52,43,0
female,group B,high school,standard,65,81,73,0
male,group A,some college,standard,78,72,70,1
female,group A,master's degree,standard,50,53,58,0
female,group C,some high school,standard,69,75,78,0
male,group C,high school,standard,88,89,86,0
female,group B,some high school,free/reduced,18,32,28,0
male,group C,master's degree,free/reduced,46,42,46,1
female,group C,associate's degree,free/reduced,54,58,61,0
male,group D,high school,standard,66,69,63,0
female,group B,some college,free/reduced,65,75,70,1
male,group D,some college,standard,44,54,53,0
female,group C,some high school,standard,69,73,73,0
male,group D,bachelor's degree,free/reduced,74,71,80,1
male,group A,master's degree,free/reduced,73,74,72,0
male,group B,some college,standard,69,54,55,0
female,group C,bachelor's degree,standard,67,69,75,0
male,group C,high school,standard,70,70,65,0
female,group D,master's degree,standard,62,70,75,0
female,group D,some college,standard,69,74,74,0
female,group B,some college,standard,63,65,61,0
female,group E,master's degree,free/reduced,56,72,65,0
male,group D,some college,standard,40,42,38,0
male,group E,some college,standard,97,87,82,0
male,group E,associate's degree,standard,81,81,79,1
female,group D,associate's degree,standard,74,81,83,0
female,group D,some high school,free/reduced,50,64,59,0
female,group D,associate's degree,free/reduced,75,90,88,1
male,group B,associate's degree,free/reduced,57,56,57,0
male,group C,associate's degree,free/reduced,55,61,54,0
female,group C,associate's degree,standard,58,73,68,0
female,group B,associate's degree,standard,53,58,65,0
male,group B,some college,free/reduced,59,65,66,1
female,group E,associate's degree,free/reduced,50,56,54,0
male,group B,associate's degree,standard,65,54,57,0
female,group A,associate's degree,standard,55,65,62,1
female,group C,high school,standard,66,71,76,0
female,group D,associate's degree,free/reduced,57,74,76,1
male,group C,high school,standard,82,84,82,1
male,group E,some college,standard,53,55,48,0
male,group E,associate's degree,free/reduced,77,69,68,1
male,group C,some college,standard,53,44,42,0
male,group D,high school,standard,88,78,75,0
female,group C,some high school,free/reduced,71,84,87,1
female,group C,high school,free/reduced,33,41,43,0
female,group E,associate's degree,standard,82,85,86,1
male,group D,associate's degree,standard,52,55,49,0
male,group D,some college,standard,58,59,58,1
female,group C,some high school,free/reduced,0,17,10,0
male,group E,bachelor's degree,free/reduced,79,74,72,1
male,group A,some high school,free/reduced,39,39,34,0
male,group A,associate's degree,free/reduced,62,61,55,0
female,group C,associate's degree,standard,69,80,71,0
female,group D,some high school,standard,59,58,59,0
male,group B,some high school,standard,67,64,61,0
male,group D,some high school,free/reduced,45,37,37,0
female,group C,some college,standard,60,72,74,0
male,group B,associate's degree,free/reduced,61,58,56,0
female,group C,associate's degree,standard,39,64,57,0
female,group D,some college,free/reduced,58,63,73,1
male,group D,some college,standard,63,55,63,1
female,group A,associate's degree,free/reduced,41,51,48,0
male,group C,some high school,free/reduced,61,57,56,0
male,group C,some high school,standard,49,49,41,0
male,group B,associate's degree,free/reduced,44,41,38,0
male,group E,some high school,standard,30,26,22,0
male,group A,bachelor's degree,standard,80,78,81,1
female,group D,some high school,standard,61,74,72,1
female,group E,master's degree,standard,62,68,68,0
female,group B,associate's degree,standard,47,49,50,0
male,group B,high school,free/reduced,49,45,45,0
male,group A,some college,free/reduced,50,47,54,1
male,group E,associate's degree,standard,72,64,63,0
male,group D,high school,free/reduced,42,39,34,0
female,group C,some college,standard,73,80,82,0
female,group C,some college,free/reduced,76,83,88,0
female,group D,associate's degree,standard,71,71,74,0
female,group A,some college,standard,58,70,67,0
female,group D,some high school,standard,73,86,82,0
female,group C,bachelor's degree,standard,65,72,74,0
male,group C,high school,free/reduced,27,34,36,0
male,group C,high school,standard,71,79,71,0
male,group C,associate's degree,free/reduced,43,45,50,1
female,group B,some college,standard,79,86,92,0
male,group C,associate's degree,free/reduced,78,81,82,1
male,group B,some high school,standard,65,66,62,1
female,group E,some college,standard,63,72,70,1
female,group D,some college,free/reduced,58,67,62,0
female,group D,bachelor's degree,standard,65,67,62,0
male,group B,some college,standard,79,67,67,0
male,group D,bachelor's degree,standard,68,74,74,1
female,group D,associate's degree,standard,85,91,89,0
male,group B,high school,standard,60,44,47,1
male,group C,some college,standard,98,86,90,1
female,group C,some college,standard,58,67,72,0
female,group D,master's degree,standard,87,100,100,0
male,group E,associate's degree,standard,66,63,64,1
female,group B,associate's degree,free/reduced,52,76,70,0
female,group B,some high school,standard,70,64,72,0
female,group D,associate's degree,free/reduced,77,89,98,1
male,group C,high school,standard,62,55,49,0
male,group A,associate's degree,standard,54,53,47,0
female,group D,some college,standard,51,58,54,0
female,group E,bachelor's degree,standard,99,100,100,1
male,group C,high school,standard,84,77,74,0
female,group B,bachelor's degree,free/reduced,75,85,82,0
female,group D,bachelor's degree,standard,78,82,79,0
female,group D,some high school,standard,51,63,61,0
female,group C,some college,standard,55,69,65,0
female,group C,bachelor's degree,standard,79,92,89,1
male,group B,associate's degree,standard,91,89,92,1
female,group C,some college,standard,88,93,93,1
male,group D,high school,free/reduced,63,57,56,0
male,group E,some college,standard,83,80,73,0
female,group B,high school,standard,87,95,86,0
male,group B,some high school,standard,72,68,67,0
male,group D,some college,standard,65,77,74,1
male,group D,master's degree,standard,82,82,74,0
female,group A,bachelor's degree,standard,51,49,51,0
male,group D,master's degree,standard,89,84,82,0
male,group C,some high school,free/reduced,53,37,40,1
male,group E,some college,free/reduced,87,74,70,1
female,group C,some college,standard,75,81,84,1
male,group D,bachelor's degree,free/reduced,74,79,75,1
male,group C,bachelor's degree,standard,58,55,48,0
male,group B,some high school,standard,51,54,41,1
male,group E,high school,standard,70,55,56,0
female,group C,associate's degree,standard,59,66,67,0
male,group D,some college,standard,71,61,69,1
female,group D,some high school,standard,76,72,71,0
female,group C,some college,free/reduced,59,62,64,0
female,group E,some college,free/reduced,42,55,54,1
male,group A,high school,standard,57,43,47,0
male,group D,some college,standard,88,73,78,0
female,group C,some college,free/reduced,22,39,33,0
male,group B,some high school,standard,88,84,75,0
male,group C,associate's degree,free/reduced,73,68,66,0
female,group D,bachelor's degree,standard,68,75,81,1
male,group E,associate's degree,free/reduced,100,100,93,1
male,group A,some high school,standard,62,67,69,1
male,group A,bachelor's degree,standard,77,67,68,0
female,group B,associate's degree,standard,59,70,66,1
male,group D,bachelor's degree,standard,54,49,47,0
male,group D,some high school,standard,62,67,61,0
female,group C,some college,standard,70,89,88,1
female,group E,high school,free/reduced,66,74,78,1
male,group B,some college,free/reduced,60,60,60,0
female,group B,associate's degree,standard,61,86,87,1
male,group D,associate's degree,free/reduced,66,62,64,0
male,group B,associate's degree,free/reduced,82,78,74,1
female,group E,some college,free/reduced,75,88,85,1
male,group B,master's degree,free/reduced,49,53,52,0
male,group C,high school,standard,52,53,49,0
female,group E,master's degree,standard,81,92,91,0
female,group C,bachelor's degree,standard,96,100,100,1
male,group C,high school,free/reduced,53,51,51,1
female,group B,master's degree,free/reduced,58,76,78,1
female,group B,high school,standard,68,83,78,1
female,group C,some college,free/reduced,67,75,70,1
male,group A,high school,standard,72,73,74,1
male,group E,some high school,standard,94,88,78,0
female,group D,some college,standard,79,86,81,0
female,group C,associate's degree,standard,63,67,70,0
female,group C,bachelor's degree,free/reduced,43,51,54,1
female,group C,master's degree,standard,81,91,87,1
female,group B,high school,free/reduced,46,54,58,1
female,group C,associate's degree,standard,71,77,77,1
female,group B,master's degree,free/reduced,52,70,62,1
female,group D,some high school,standard,97,100,100,1
male,group C,master's degree,free/reduced,62,68,75,1
female,group C,some college,free/reduced,46,64,66,0
female,group E,high school,standard,50,50,47,0
female,group D,associate's degree,standard,65,69,70,0
male,group C,some high school,free/reduced,45,52,49,1
male,group C,associate's degree,free/reduced,65,67,65,1
male,group E,high school,standard,80,76,65,0
male,group D,some high school,standard,62,66,68,1
male,group B,some high school,free/reduced,48,52,45,0
female,group C,bachelor's degree,standard,77,88,87,0
female,group E,associate's degree,standard,66,65,69,0
male,group D,some college,standard,76,83,79,1
female,group B,some high school,standard,62,64,66,0
male,group D,some college,standard,77,62,62,1
female,group C,master's degree,standard,69,84,85,1
male,group D,associate's degree,standard,61,55,52,0
male,group C,some high school,free/reduced,59,69,65,1
male,group E,high school,free/reduced,55,56,51,0
female,group B,some college,free/reduced,45,53,55,0
female,group B,bachelor's degree,free/reduced,78,79,76,0
female,group C,associate's degree,standard,67,84,86,1
female,group D,some college,free/reduced,65,81,77,0
male,group C,associate's degree,standard,69,77,69,0
female,group B,associate's degree,standard,57,69,68,0
male,group C,some college,standard,59,41,42,0
male,group D,some high school,standard,74,71,78,1
male,group E,bachelor's degree,standard,82,62,62,0
male,group E,high school,standard,81,80,76,1
female,group B,some college,free/reduced,74,81,76,0
female,group B,some college,free/reduced,58,61,66,0
male,group D,some high school,free/reduced,80,79,79,1
male,group C,some college,free/reduced,35,28,27,0
female,group C,high school,free/reduced,42,62,60,0
male,group C,associate's degree,free/reduced,60,51,56,1
male,group E,high school,standard,87,91,81,1
male,group B,some high school,standard,84,83,75,1
female,group E,associate's degree,free/reduced,83,86,88,1
female,group C,high school,free/reduced,34,42,39,0
male,group B,high school,free/reduced,66,77,70,0
male,group B,some high school,standard,61,56,56,1
female,group D,high school,standard,56,68,74,1
male,group B,associate's degree,standard,87,85,73,0
female,group C,some high school,free/reduced,55,65,62,0
male,group D,some high school,standard,86,80,75,0
female,group B,associate's degree,standard,52,66,73,1
female,group E,master's degree,free/reduced,45,56,54,0
female,group C,some college,standard,72,72,71,0
male,group D,high school,standard,57,50,54,0
male,group A,some high school,free/reduced,68,72,64,0
female,group C,some college,standard,88,95,94,1
male,group D,some college,standard,76,64,66,0
male,group C,associate's degree,standard,46,43,42,0
female,group B,bachelor's degree,standard,67,86,83,0
male,group E,some high school,standard,92,87,78,0
male,group C,bachelor's degree,standard,83,82,84,1
male,group D,associate's degree,standard,80,75,77,0
male,group D,bachelor's degree,free/reduced,63,66,67,0
female,group D,some high school,standard,64,60,74,1
male,group B,some college,standard,54,52,51,0
male,group C,associate's degree,standard,84,80,80,0
male,group D,high school,free/reduced,73,68,66,1
female,group E,bachelor's degree,standard,80,83,83,0
female,group D,high school,standard,56,52,55,0
male,group E,some college,standard,59,51,43,0
male,group D,some high school,standard,75,74,69,0
male,group C,associate's degree,standard,85,76,71,0
male,group E,associate's degree,standard,89,76,74,0
female,group B,high school,standard,58,70,68,1
female,group B,high school,standard,65,64,62,0
male,group C,high school,standard,68,60,53,0
male,group A,some high school,standard,47,49,49,1
female,group D,some college,free/reduced,71,83,83,0
female,group B,some high school,standard,60,70,70,1
male,group D,master's degree,standard,80,80,72,0
male,group D,high school,standard,54,52,52,0
female,group E,some college,standard,62,73,70,0
female,group C,associate's degree,free/reduced,64,73,68,0
male,group C,associate's degree,standard,78,77,77,1
female,group B,some college,standard,70,75,78,0
female,group C,master's degree,free/reduced,65,81,81,1
female,group C,some high school,free/reduced,64,79,77,1
male,group C,some college,standard,79,79,78,1
female,group C,some high school,free/reduced,44,50,51,0
female,group E,high school,standard,99,93,90,0
male,group D,high school,standard,76,73,68,0
male,group D,some high school,free/reduced,59,42,41,0
female,group C,bachelor's degree,standard,63,75,81,0
female,group D,high school,standard,69,72,77,0
female,group D,associate's degree,standard,88,92,95,1
female,group E,some college,free/reduced,71,76,70,0
male,group C,bachelor's degree,standard,69,63,61,0
male,group C,some college,standard,58,49,42,0
female,group D,associate's degree,free/reduced,47,53,58,0
female,group D,some college,standard,65,70,71,0
male,group B,some college,standard,88,85,76,1
male,group C,bachelor's degree,standard,83,78,73,0
female,group C,some high school,standard,85,92,93,1
female,group E,high school,standard,59,63,75,1
female,group C,some high school,free/reduced,65,86,80,0
male,group B,bachelor's degree,free/reduced,73,56,57,0
male,group D,high school,standard,53,52,42,0
male,group D,high school,standard,45,48,46,0
female,group D,bachelor's degree,free/reduced,73,79,84,0
female,group D,some college,free/reduced,70,78,78,1
female,group B,some high school,standard,37,46,46,0
male,group B,associate's degree,standard,81,82,82,1
male,group E,associate's degree,standard,97,82,88,1
female,group B,some high school,standard,67,89,82,0
male,group B,bachelor's degree,free/reduced,88,75,76,0
male,group E,some high school,standard,77,76,77,1
male,group C,associate's degree,standard,76,70,68,0
male,group D,some high school,standard,86,73,70,0
male,group C,some high school,standard,63,60,57,1
female,group E,bachelor's degree,standard,65,73,75,0
male,group D,high school,free/reduced,78,77,80,1
male,group B,associate's degree,free/reduced,67,62,60,0
male,group A,some high school,standard,46,41,43,1
male,group E,associate's degree,standard,71,74,68,1
male,group C,high school,free/reduced,40,46,50,1
male,group D,associate's degree,free/reduced,90,87,75,0
male,group A,some college,free/reduced,81,78,81,1
male,group D,some high school,free/reduced,56,54,52,0
female,group C,associate's degree,standard,67,84,81,1
male,group B,associate's degree,standard,80,76,64,0
female,group C,associate's degree,standard,74,75,83,1
male,group A,some college,standard,69,67,69,0
male,group E,some college,standard,99,87,81,1
male,group C,some high school,standard,51,52,44,0
female,group B,associate's degree,free/reduced,53,71,67,0
female,group D,high school,free/reduced,49,57,52,0
female,group B,associate's degree,standard,73,76,80,0
male,group B,bachelor's degree,standard,66,60,57,0
male,group D,bachelor's degree,standard,67,61,68,1
female,group C,associate's degree,free/reduced,68,67,69,1
female,group C,bachelor's degree,standard,59,64,75,1
male,group C,high school,standard,71,66,65,0
female,group D,master's degree,standard,77,82,91,1
male,group C,associate's degree,standard,83,72,78,0
male,group B,bachelor's degree,standard,63,71,69,0
female,group D,associate's degree,free/reduced,56,65,63,0
female,group C,high school,free/reduced,67,79,84,1
female,group E,high school,standard,75,86,79,0
female,group C,some college,standard,71,81,80,0
female,group C,some high school,free/reduced,43,53,53,0
female,group C,high school,free/reduced,41,46,43,0
female,group C,some college,standard,82,90,94,0
male,group C,some college,standard,61,61,62,0
male,group A,some college,free/reduced,28,23,19,0
male,group C,associate's degree,standard,82,75,77,1
female,group B,some high school,standard,41,55,51,0
male,group C,high school,standard,71,60,61,0
male,group C,associate's degree,standard,47,37,35,0
male,group E,associate's degree,standard,62,56,53,1
male,group B,associate's degree,standard,90,78,81,0
female,group C,bachelor's degree,standard,83,93,95,0
female,group B,some college,free/reduced,61,68,66,0
male,group D,some high school,standard,76,70,69,1
male,group C,associate's degree,standard,49,51,43,0
female,group B,some high school,free/reduced,24,38,27,0
female,group D,some high school,free/reduced,35,55,60,1
male,group C,high school,free/reduced,58,61,52,0
female,group C,high school,standard,61,73,63,0
female,group B,high school,standard,69,76,74,1
male,group D,associate's degree,standard,67,72,67,1
male,group D,some college,standard,79,73,67,0
female,group C,high school,standard,72,80,75,0
male,group B,some college,standard,62,61,57,0
female,group C,bachelor's degree,standard,77,94,95,1
male,group D,high school,free/reduced,75,74,66,0
male,group E,associate's degree,standard,87,74,76,0
female,group B,bachelor's degree,standard,52,65,69,0
male,group E,some college,standard,66,57,52,0
female,group C,some college,standard,63,78,80,1
female,group C,associate's degree,standard,46,58,57,0
female,group C,some college,standard,59,71,70,0
female,group B,bachelor's degree,standard,61,72,70,0
male,group A,associate's degree,standard,63,61,61,0
female,group C,some college,free/reduced,42,66,69,1
male,group D,some college,free/reduced,59,62,61,0
female,group D,some college,standard,80,90,89,0
female,group B,high school,standard,58,62,59,0
male,group B,some high school,standard,85,84,78,1
female,group C,some college,standard,52,58,58,0
female,group D,some high school,free/reduced,27,34,32,0
male,group C,some college,standard,59,60,58,0
male,group A,bachelor's degree,free/reduced,49,58,60,1
male,group C,high school,standard,69,58,53,1
male,group C,bachelor's degree,free/reduced,61,66,61,0
female,group A,some high school,free/reduced,44,64,58,0
female,group D,some high school,standard,73,84,85,0
male,group E,some college,standard,84,77,71,0
female,group C,some college,free/reduced,45,73,70,1
male,group D,some high school,standard,74,74,72,0
female,group D,some college,standard,82,97,96,1
female,group D,bachelor's degree,standard,59,70,73,0
male,group E,associate's degree,free/reduced,46,43,41,0
female,group D,some high school,standard,80,90,82,0
female,group D,master's degree,free/reduced,85,95,100,1
female,group A,some high school,standard,71,83,77,0
male,group A,bachelor's degree,standard,66,64,62,0
female,group B,associate's degree,standard,80,86,83,0
male,group C,associate's degree,standard,87,100,95,1
male,group C,master's degree,free/reduced,79,81,71,0
female,group E,some high school,free/reduced,38,49,45,0
female,group A,some high school,free/reduced,38,43,43,0
female,group E,some college,standard,67,76,75,0
female,group E,bachelor's degree,standard,64,73,70,0
female,group C,associate's degree,free/reduced,57,78,67,0
female,group D,high school,standard,62,64,64,0
male,group D,master's degree,standard,73,70,75,0
male,group E,some high school,free/reduced,73,67,59,1
female,group D,some college,standard,77,68,77,0
male,group E,some college,standard,76,67,67,0
male,group C,associate's degree,standard,57,54,56,1
female,group C,some high school,standard,65,74,77,1
male,group A,high school,free/reduced,48,45,41,0
female,group B,high school,free/reduced,50,67,63,0
female,group C,associate's degree,standard,85,89,95,0
male,group B,some high school,standard,74,63,57,0
male,group D,some high school,standard,60,59,54,0
female,group C,some high school,standard,59,54,67,1
male,group A,some college,standard,53,43,43,0
female,group A,some college,free/reduced,49,65,55,0
female,group D,high school,standard,88,99,100,1
female,group C,high school,standard,54,59,62,0
female,group C,some high school,standard,63,73,68,0
male,group B,associate's degree,standard,65,65,63,1
female,group B,associate's degree,standard,82,80,77,0
female,group D,high school,free/reduced,52,57,56,1
male,group D,associate's degree,standard,87,84,85,1
female,group D,master's degree,standard,70,71,74,1
male,group E,some college,standard,84,83,78,1
male,group D,associate's degree,standard,71,66,60,0
male,group B,some high school,standard,63,67,67,1
female,group C,bachelor's degree,free/reduced,51,72,79,1
male,group E,high school,standard,84,73,69,0
male,group C,bachelor's degree,standard,71,74,68,1
male,group C,associate's degree,standard,74,73,67,0
male,group D,some college,standard,68,59,62,0
male,group E,high school,free/reduced,57,56,54,1
female,group C,associate's degree,free/reduced,82,93,93,1
female,group D,high school,standard,57,58,64,1
female,group D,master's degree,free/reduced,47,58,67,1
female,group A,some high school,standard,59,85,80,1
male,group B,some college,free/reduced,41,39,34,0
female,group C,some college,free/reduced,62,67,62,0
male,group C,bachelor's degree,standard,86,83,86,0
male,group C,some high school,free/reduced,69,71,65,0
male,group A,some high school,free/reduced,65,59,53,0
male,group C,some high school,free/reduced,68,63,54,0
male,group C,associate's degree,free/reduced,64,66,59,0
female,group C,high school,standard,61,72,70,0
male,group C,high school,standard,61,56,55,0
female,group A,some high school,free/reduced,47,59,50,0
male,group C,some high school,standard,73,66,66,0
male,group C,some college,free/reduced,50,48,53,1
male,group D,associate's degree,standard,75,68,64,0
male,group D,associate's degree,free/reduced,75,66,73,0
male,group C,high school,standard,70,56,51,0
male,group D,some high school,standard,89,88,82,1
female,group C,some college,standard,67,81,79,1
female,group D,high school,standard,78,81,80,0
female,group A,some high school,free/reduced,59,73,69,0
female,group B,associate's degree,standard,73,83,76,0
male,group A,some high school,free/reduced,79,82,73,0
female,group C,some high school,standard,67,74,77,1
male,group D,some college,free/reduced,69,66,60,0
male,group C,high school,standard,86,81,80,1
male,group B,high school,standard,47,46,42,0
male,group B,associate's degree,standard,81,73,72,0
female,group C,some college,free/reduced,64,85,85,1
female,group E,some college,standard,100,92,97,0
female,group C,associate's degree,free/reduced,65,77,74,0
male,group C,some college,free/reduced,65,58,49,0
female,group C,associate's degree,free/reduced,53,61,62,0
male,group C,bachelor's degree,free/reduced,37,56,47,0
female,group D,bachelor's degree,standard,79,89,89,0
male,group D,associate's degree,free/reduced,53,54,48,0
female,group E,bachelor's degree,standard,100,100,100,0
male,group B,high school,standard,72,65,68,1
male,group C,bachelor's degree,free/reduced,53,58,55,0
male,group B,some college,free/reduced,54,54,45,0
female,group E,some college,standard,71,70,76,0
female,group C,some college,free/reduced,77,90,91,0
male,group A,bachelor's degree,standard,75,58,62,1
female,group C,some college,standard,84,87,91,0
female,group D,associate's degree,free/reduced,26,31,38,0
male,group A,high school,free/reduced,72,67,65,1
female,group A,high school,free/reduced,77,88,85,1
male,group C,some college,standard,91,74,76,0
female,group C,associate's degree,standard,83,85,90,1
female,group C,high school,standard,63,69,74,0
female,group C,associate's degree,standard,68,86,84,1
female,group D,some high school,standard,59,67,61,0
female,group B,associate's degree,standard,90,90,91,1
female,group D,bachelor's degree,standard,71,76,83,1
male,group E,bachelor's degree,standard,76,62,66,1
male,group D,associate's degree,standard,80,68,72,0
female,group D,master's degree,standard,55,64,70,0
male,group E,associate's degree,standard,76,71,67,0
male,group B,high school,standard,73,71,68,1
female,group D,associate's degree,free/reduced,52,59,56,0
male,group C,some college,free/reduced,68,68,61,0
male,group A,high school,standard,59,52,46,0
female,group B,associate's degree,standard,49,52,54,0
male,group C,high school,standard,70,74,71,0
male,group D,some college,free/reduced,61,47,56,0
female,group C,associate's degree,free/reduced,60,75,74,0
male,group B,some high school,standard,64,53,57,1
male,group A,associate's degree,free/reduced,79,82,82,1
female,group A,associate's degree,free/reduced,65,85,76,0
female,group C,associate's degree,standard,64,64,70,0
female,group C,some college,standard,83,83,90,0
female,group C,bachelor's degree,standard,81,88,90,0
female,group B,high school,standard,54,64,68,0
male,group D,high school,standard,68,64,66,1
female,group C,some college,standard,54,48,52,0
female,group D,some college,free/reduced,59,78,76,1
female,group B,some high school,standard,66,69,68,0
male,group E,some college,standard,76,71,72,0
female,group D,master's degree,standard,74,79,82,0
female,group B,associate's degree,standard,94,87,92,1
male,group C,some college,free/reduced,63,61,54,0
female,group E,associate's degree,standard,95,89,92,1
female,group D,master's degree,free/reduced,40,59,54,0
female,group B,some high school,standard,82,82,80,0
male,group A,high school,standard,68,70,66,0
male,group B,bachelor's degree,free/reduced,55,59,54,0
male,group C,master's degree,standard,79,78,77,0
female,group C,bachelor's degree,standard,86,92,87,0
male,group D,some college,standard,76,71,73,0
male,group A,some high school,standard,64,50,43,0
male,group D,some high school,free/reduced,62,49,52,0
female,group B,some high school,standard,54,61,62,1
female,group B,master's degree,free/reduced,77,97,94,1
female,group C,some high school,standard,76,87,85,1
female,group D,some college,standard,74,89,84,0
female,group E,some college,standard,66,74,73,1
female,group D,some high school,standard,66,78,78,1
female,group B,high school,free/reduced,67,78,79,1
male,group D,some college,standard,71,49,52,0
female,group C,associate's degree,standard,91,86,84,0
male,group D,bachelor's degree,standard,69,58,57,0
male,group C,master's degree,free/reduced,54,59,50,0
male,group C,high school,standard,53,52,49,1
male,group E,some college,standard,68,60,59,0
male,group C,some high school,free/reduced,56,61,60,1
female,group C,high school,free/reduced,36,53,43,0
female,group D,bachelor's degree,free/reduced,29,41,47,0
female,group C,associate's degree,standard,62,74,70,0
female,group C,associate's degree,standard,68,67,73,1
female,group C,some high school,standard,47,54,53,0
male,group E,associate's degree,standard,62,61,58,1
female,group E,associate's degree,standard,79,88,94,1
male,group B,high school,standard,73,69,68,1
female,group C,bachelor's degree,free/reduced,66,83,83,1
male,group C,associate's degree,standard,51,60,58,1
female,group D,high school,standard,51,66,62,0
male,group E,bachelor's degree,standard,85,66,71,1
male,group A,associate's degree,standard,97,92,86,1
male,group C,high school,standard,75,69,68,1
male,group D,associate's degree,free/reduced,79,82,80,1
female,group C,associate's degree,standard,81,77,79,0
female,group D,associate's degree,standard,82,95,89,0
female,group D,master's degree,standard,64,63,66,0
male,group E,some high school,free/reduced,78,83,80,1
female,group A,some high school,standard,92,100,97,1
male,group C,high school,standard,72,67,64,1
female,group C,high school,free/reduced,62,67,64,0
male,group C,master's degree,standard,79,72,69,0
male,group C,some high school,free/reduced,79,76,65,0
male,group B,bachelor's degree,free/reduced,87,90,88,1
female,group B,associate's degree,standard,40,48,50,0
male,group D,some college,free/reduced,77,62,64,0
male,group E,associate's degree,standard,53,45,40,0
female,group C,some college,free/reduced,32,39,33,0
female,group C,associate's degree,standard,55,72,79,1
male,group C,master's degree,free/reduced,61,67,66,0
female,group B,associate's degree,free/reduced,53,70,70,0
male,group D,some high school,standard,73,66,62,0
female,group D,some college,standard,74,75,79,1
female,group C,some college,standard,63,74,74,0
male,group C,bachelor's degree,standard,96,90,92,1
female,group D,some college,free/reduced,63,80,80,1
male,group B,bachelor's degree,free/reduced,48,51,46,0
male,group B,associate's degree,standard,48,43,45,0
female,group E,bachelor's degree,free/reduced,92,100,100,1
female,group D,master's degree,free/reduced,61,71,78,1
male,group B,high school,free/reduced,63,48,47,0
male,group D,bachelor's degree,free/reduced,68,68,67,0
male,group B,some college,standard,71,75,70,1
male,group A,bachelor's degree,standard,91,96,92,0
female,group C,some college,standard,53,62,56,0
female,group C,high school,free/reduced,50,66,64,1
female,group E,high school,standard,74,81,71,0
male,group A,associate's degree,free/reduced,40,55,53,1
male,group A,some college,standard,61,51,52,1
female,group B,high school,standard,81,91,89,0
female,group B,some college,free/reduced,48,56,58,1
female,group D,master's degree,standard,53,61,68,0
female,group D,some high school,standard,81,97,96,0
female,group E,some high school,standard,77,79,80,0
female,group D,bachelor's degree,free/reduced,63,73,78,0
female,group D,associate's degree,standard,73,75,80,1
female,group D,some college,standard,69,77,77,0
female,group C,associate's degree,standard,65,76,76,0
female,group A,high school,standard,55,73,73,0
female,group C,bachelor's degree,free/reduced,44,63,62,0
female,group C,some college,standard,54,64,65,0
female,group A,some high school,standard,48,66,65,0
male,group C,some college,free/reduced,58,57,54,0
male,group A,some high school,standard,71,62,50,0
male,group E,bachelor's degree,standard,68,68,64,0
female,group E,high school,standard,74,76,73,0
female,group C,bachelor's degree,standard,92,100,99,1
female,group C,bachelor's degree,standard,56,79,72,1
male,group B,high school,free/reduced,30,24,15,0
male,group A,some high school,standard,53,54,48,0
female,group D,high school,standard,69,77,73,0
female,group D,some high school,standard,65,82,81,0
female,group D,master's degree,standard,54,60,63,0
female,group C,high school,standard,29,29,30,0
female,group E,some college,standard,76,78,80,0
male,group D,high school,free/reduced,60,57,51,0
male,group D,master's degree,free/reduced,84,89,90,1
male,group C,some high school,standard,75,72,62,0
female,group C,associate's degree,standard,85,84,82,0
female,group C,master's degree,free/reduced,40,58,54,0
female,group E,some college,standard,61,64,62,0
female,group B,associate's degree,standard,58,63,65,0
male,group D,some college,free/reduced,69,60,63,1
female,group C,some college,standard,58,59,66,0
male,group C,bachelor's degree,standard,94,90,91,1
female,group C,associate's degree,standard,65,77,74,0
female,group A,associate's degree,standard,82,93,93,0
female,group C,high school,standard,60,68,72,0
female,group E,bachelor's degree,standard,37,45,38,0
male,group D,bachelor's degree,standard,88,78,83,0
male,group D,master's degree,standard,95,81,84,0
male,group C,associate's degree,free/reduced,65,73,68,1
female,group C,high school,free/reduced,35,61,54,0
male,group B,bachelor's degree,free/reduced,62,63,56,0
male,group C,high school,free/reduced,58,51,52,1
male,group A,some college,standard,100,96,86,1
female,group E,bachelor's degree,free/reduced,61,58,62,0
male,group D,some college,standard,100,97,99,1
male,group B,associate's degree,free/reduced,69,70,63,1
male,group D,associate's degree,standard,61,48,46,0
male,group D,some college,free/reduced,49,57,46,0
female,group C,some high school,standard,44,51,55,1
male,group D,some college,standard,67,64,70,0
male,group B,high school,standard,79,60,65,0
female,group B,bachelor's degree,standard,66,74,81,1
female,group C,high school,standard,75,88,85,0
male,group D,some high school,standard,84,84,80,0
male,group A,high school,standard,71,74,64,0
female,group B,high school,free/reduced,67,80,81,1
female,group D,some high school,standard,80,92,88,1
male,group E,some college,standard,86,76,74,0
female,group D,associate's degree,standard,76,74,73,0
male,group D,high school,standard,41,52,51,0
female,group D,associate's degree,free/reduced,74,88,90,1
female,group B,some high school,free/reduced,72,81,79,0
female,group E,high school,standard,74,79,80,1
male,group B,high school,standard,70,65,60,0
female,group B,bachelor's degree,standard,65,81,81,1
female,group D,associate's degree,standard,59,70,65,0
female,group E,high school,free/reduced,64,62,68,0
female,group B,high school,standard,50,53,55,0
female,group D,some college,standard,69,79,81,1
male,group C,some high school,free/reduced,51,56,53,1
female,group A,high school,standard,68,80,76,1
female,group D,some college,standard,85,86,98,1
female,group A,associate's degree,standard,65,70,74,1
female,group B,some high school,standard,73,79,79,0
female,group B,some college,standard,62,67,67,0
male,group C,associate's degree,free/reduced,77,67,64,0
male,group D,some high school,standard,69,66,61,0
female,group D,associate's degree,free/reduced,43,60,58,0
male,group D,associate's degree,standard,90,87,85,0
male,group C,some college,free/reduced,74,77,73,0
male,group C,some high school,standard,73,66,63,0
female,group D,some college,free/reduced,55,71,69,0
female,group C,high school,standard,65,69,67,0
male,group D,associate's degree,standard,80,63,63,0
female,group C,some high school,free/reduced,50,60,60,1
female,group C,some college,free/reduced,63,73,71,1
female,group B,bachelor's degree,free/reduced,77,85,87,0
male,group C,some college,standard,73,74,61,0
male,group D,associate's degree,standard,81,72,77,1
female,group C,high school,free/reduced,66,76,68,0
male,group D,associate's degree,free/reduced,52,57,50,0
female,group C,some college,standard,69,78,76,0
female,group C,associate's degree,standard,65,84,84,1
female,group D,high school,standard,69,77,78,1
female,group B,some college,standard,50,64,66,1
female,group E,some college,standard,73,78,76,1
female,group C,some high school,standard,70,82,76,1
male,group D,associate's degree,free/reduced,81,75,78,0
male,group D,some college,free/reduced,63,61,60,0
female,group D,high school,standard,67,72,74,0
male,group B,high school,standard,60,68,60,0
male,group B,high school,standard,62,55,54,0
female,group C,some high school,free/reduced,29,40,44,1
male,group B,some college,standard,62,66,68,1
female,group E,master's degree,standard,94,99,100,1
male,group E,some college,standard,85,75,68,1
male,group D,associate's degree,free/reduced,77,78,73,0
male,group A,high school,free/reduced,53,58,44,0
male,group E,some college,free/reduced,93,90,83,0
female,group C,associate's degree,standard,49,53,53,0
female,group E,associate's degree,free/reduced,73,76,78,0
female,group C,bachelor's degree,free/reduced,66,74,81,1
female,group D,associate's degree,standard,77,77,73,0
female,group C,some high school,standard,49,63,56,0
female,group D,some college,free/reduced,79,89,86,0
female,group C,associate's degree,standard,75,82,90,1
female,group A,bachelor's degree,standard,59,72,70,0
female,group D,associate's degree,standard,57,78,79,1
male,group C,high school,free/reduced,66,66,59,0
female,group E,bachelor's degree,standard,79,81,82,1
female,group B,some high school,standard,57,67,72,0
male,group A,bachelor's degree,standard,87,84,87,1
female,group D,some college,standard,63,64,67,0
female,group B,some high school,free/reduced,59,63,64,1
male,group A,bachelor's degree,free/reduced,62,72,65,0
male,group D,high school,standard,46,34,36,0
male,group C,some college,standard,66,59,52,0
male,group D,high school,standard,89,87,79,0
female,group D,associate's degree,free/reduced,42,61,58,1
male,group C,some college,standard,93,84,90,1
female,group E,some high school,standard,80,85,85,1
female,group D,some college,standard,98,100,99,0
male,group D,master's degree,standard,81,81,84,0
female,group B,some high school,standard,60,70,74,1
female,group B,associate's degree,free/reduced,76,94,87,1
male,group C,associate's degree,standard,73,78,72,1
female,group C,associate's degree,standard,96,96,99,1
female,group C,high school,standard,76,76,74,0
male,group E,associate's degree,free/reduced,91,73,80,1
female,group C,some college,free/reduced,62,72,70,0
male,group D,some high school,free/reduced,55,59,59,1
female,group B,some high school,free/reduced,74,90,88,1
male,group C,high school,standard,50,48,42,0
male,group B,some college,standard,47,43,41,0
male,group E,some college,standard,81,74,71,1
female,group E,associate's degree,standard,65,75,77,1
male,group E,some high school,standard,68,51,57,1
female,group D,high school,free/reduced,73,92,84,0
male,group C,some college,standard,53,39,37,0
female,group B,associate's degree,free/reduced,68,77,80,1
male,group A,some high school,free/reduced,55,46,43,0
female,group C,some college,standard,87,89,94,1
male,group D,some high school,standard,55,47,44,0
female,group E,some college,free/reduced,53,58,57,0
male,group C,master's degree,standard,67,57,59,0
male,group C,associate's degree,standard,92,79,84,0
female,group B,some college,free/reduced,53,66,73,1
male,group D,associate's degree,standard,81,71,73,0
male,group C,high school,free/reduced,61,60,55,0
male,group D,bachelor's degree,standard,80,73,72,0
female,group A,associate's degree,free/reduced,37,57,56,0
female,group C,high school,standard,81,84,82,0
female,group C,associate's degree,standard,59,73,72,1
male,group B,some college,free/reduced,55,55,47,0
male,group D,associate's degree,standard,72,79,74,0
male,group D,high school,standard,69,75,71,0
male,group C,some college,standard,69,64,68,0
female,group C,bachelor's degree,free/reduced,50,60,59,0
male,group B,some college,standard,87,84,86,1
male,group D,some high school,standard,71,69,68,1
male,group E,some college,standard,68,72,65,0
male,group C,master's degree,free/reduced,79,77,75,1
female,group C,some high school,standard,77,90,85,1
male,group C,associate's degree,free/reduced,58,55,53,0
female,group E,associate's degree,standard,84,95,92,0
male,group D,some college,standard,55,58,52,0
male,group E,bachelor's degree,free/reduced,70,68,72,1
female,group D,some college,free/reduced,52,59,65,1
male,group B,some college,standard,69,77,77,1
female,group C,high school,free/reduced,53,72,64,0
female,group D,some high school,standard,48,58,54,0
male,group D,some high school,standard,78,81,86,1
female,group B,high school,standard,62,62,63,0
male,group D,some college,standard,60,63,59,0
female,group B,high school,standard,74,72,72,0
female,group C,high school,standard,58,75,77,1
male,group B,high school,standard,76,62,60,1
female,group D,some high school,standard,68,71,75,0
male,group A,some college,free/reduced,58,60,57,0
male,group B,high school,standard,52,48,49,0
male,group D,bachelor's degree,standard,75,73,74,0
female,group B,some high school,free/reduced,52,67,72,1
female,group C,bachelor's degree,free/reduced,62,78,79,0
male,group B,some college,standard,66,65,60,0
female,group B,some high school,free/reduced,49,58,55,0
female,group B,high school,standard,66,72,70,0
female,group C,some college,free/reduced,35,44,43,0
female,group A,some college,standard,72,79,82,1
male,group E,associate's degree,standard,94,85,82,1
female,group D,associate's degree,free/reduced,46,56,57,0
female,group B,master's degree,standard,77,90,84,0
female,group B,high school,free/reduced,76,85,82,1
female,group C,associate's degree,standard,52,59,62,1
male,group C,bachelor's degree,standard,91,81,79,1
female,group B,some high school,standard,32,51,44,1
female,group E,some high school,free/reduced,72,79,77,0
female,group B,some college,standard,19,38,32,0
male,group C,associate's degree,free/reduced,68,65,61,0
female,group C,master's degree,free/reduced,52,65,61,0
female,group B,high school,standard,48,62,60,0
female,group D,some college,free/reduced,60,66,70,0
male,group D,high school,free/reduced,66,74,69,0
male,group E,some high school,standard,89,84,77,1
female,group B,high school,standard,42,52,51,0
female,group E,associate's degree,free/reduced,57,68,73,1
male,group D,high school,standard,70,70,70,0
female,group E,associate's degree,free/reduced,70,84,81,0
male,group E,some college,standard,69,60,54,0
female,group C,associate's degree,standard,52,55,57,0
male,group C,some high school,standard,67,73,68,1
male,group C,some high school,standard,76,80,73,1
female,group E,associate's degree,standard,87,94,95,0
female,group B,some college,standard,82,85,87,0
female,group C,some college,standard,73,76,78,0
male,group A,some college,free/reduced,75,81,74,0
female,group D,some college,free/reduced,64,74,75,0
female,group E,high school,free/reduced,41,45,40,0
male,group C,high school,standard,90,75,69,0
male,group B,bachelor's degree,standard,59,54,51,0
male,group A,some high school,standard,51,31,36,0
male,group A,high school,free/reduced,45,47,49,0
female,group C,master's degree,standard,54,64,67,1
male,group E,some high school,standard,87,84,76,1
female,group C,high school,standard,72,80,83,0
male,group B,some high school,standard,94,86,87,1
female,group A,bachelor's degree,standard,45,59,64,0
male,group D,bachelor's degree,free/reduced,61,70,76,1
female,group B,high school,free/reduced,60,72,68,0
female,group C,some high school,standard,77,91,88,0
female,group A,some high school,standard,85,90,92,1
female,group D,bachelor's degree,free/reduced,78,90,93,0
male,group E,some college,free/reduced,49,52,51,1
female,group B,high school,free/reduced,71,87,82,0
female,group C,some high school,free/reduced,48,58,52,0
male,group C,high school,standard,62,67,58,0
female,group C,associate's degree,free/reduced,56,68,70,1
female,group C,some high school,standard,65,69,76,0
female,group D,some high school,free/reduced,69,86,81,1
male,group B,some high school,standard,68,54,53,0
female,group A,some college,free/reduced,61,60,57,0
female,group C,bachelor's degree,free/reduced,74,86,89,1
male,group A,bachelor's degree,standard,64,60,58,0
female,group B,high school,standard,77,82,89,1
male,group B,some college,standard,58,50,45,0
female,group C,high school,standard,60,64,74,1
male,group E,high school,standard,73,64,57,0
female,group A,high school,standard,75,82,79,1
male,group B,associate's degree,free/reduced,58,57,53,1
female,group C,associate's degree,standard,66,77,73,0
female,group D,high school,free/reduced,39,52,46,0
male,group C,some high school,standard,64,58,51,0
female,group B,high school,free/reduced,23,44,36,1
male,group B,some college,free/reduced,74,77,76,1
female,group D,some high school,free/reduced,40,65,64,1
male,group E,master's degree,standard,90,85,84,0
male,group C,master's degree,standard,91,85,85,1
male,group D,high school,standard,64,54,50,0
female,group C,high school,standard,59,72,68,0
male,group D,associate's degree,standard,80,75,69,0
male,group C,master's degree,standard,71,67,67,0
female,group A,high school,standard,61,68,63,0
female,group E,some college,standard,87,85,93,0
male,group E,some high school,standard,82,67,61,0
male,group C,some high school,standard,62,64,55,0
female,group B,bachelor's degree,standard,97,97,96,0
male,group B,some college,free/reduced,75,68,65,0
female,group C,bachelor's degree,standard,65,79,81,0
male,group B,high school,standard,52,49,46,1
male,group C,associate's degree,free/reduced,87,73,72,0
female,group C,associate's degree,standard,53,62,53,0
female,group E,master's degree,free/reduced,81,86,87,0
male,group D,bachelor's degree,free/reduced,39,42,38,1
female,group C,some college,standard,71,71,80,1
male,group C,associate's degree,standard,97,93,91,0
male,group D,some college,standard,82,82,88,1
male,group C,high school,free/reduced,59,53,52,0
male,group B,associate's degree,standard,61,42,41,0
male,group E,associate's degree,free/reduced,78,74,72,1
male,group C,associate's degree,free/reduced,49,51,51,0
male,group B,high school,standard,59,58,47,0
female,group C,some college,standard,70,72,76,1
male,group B,associate's degree,standard,82,84,78,1
male,group E,associate's degree,free/reduced,90,90,82,0
female,group C,bachelor's degree,free/reduced,43,62,61,0
male,group C,some college,free/reduced,80,64,66,0
male,group D,some college,standard,81,82,84,0
male,group C,some high school,standard,57,61,54,0
female,group D,some high school,standard,59,72,80,0
female,group D,associate's degree,standard,64,76,74,0
male,group C,bachelor's degree,standard,63,64,66,1
female,group E,bachelor's degree,standard,71,70,70,1
female,group B,high school,free/reduced,64,73,71,0
male,group D,bachelor's degree,free/reduced,55,46,44,0
female,group E,associate's degree,standard,51,51,54,0
female,group C,associate's degree,standard,62,76,80,1
female,group E,associate's degree,standard,93,100,95,1
male,group C,high school,free/reduced,54,72,59,0
female,group D,some college,free/reduced,69,65,74,0
male,group D,high school,free/reduced,44,51,48,0
female,group E,some college,standard,86,85,91,1
female,group E,associate's degree,standard,85,92,85,0
female,group A,master's degree,free/reduced,50,67,73,0
male,group D,some high school,standard,88,74,75,1
female,group E,associate's degree,standard,59,62,69,0
female,group E,some high school,free/reduced,32,34,38,0
male,group B,high school,free/reduced,36,29,27,0
female,group B,some high school,free/reduced,63,78,79,1
male,group D,associate's degree,standard,67,54,63,1
female,group D,some high school,standard,65,78,82,1
male,group D,master's degree,standard,85,84,89,0
female,group C,master's degree,standard,73,78,74,0
female,group A,high school,free/reduced,34,48,41,1
female,group D,bachelor's degree,free/reduced,93,100,100,1
female,group D,some high school,free/reduced,67,84,84,0
male,group D,some college,standard,88,77,77,0
male,group B,high school,standard,57,48,51,0
female,group D,some college,standard,79,84,91,1
female,group C,bachelor's degree,free/reduced,67,75,72,0
male,group E,bachelor's degree,standard,70,64,70,1
male,group D,bachelor's degree,free/reduced,50,42,48,0
female,group A,some college,standard,69,84,82,0
female,group C,bachelor's degree,standard,52,61,66,1
female,group C,bachelor's degree,free/reduced,47,62,66,1
female,group B,associate's degree,free/reduced,46,61,55,0
female,group E,some college,standard,68,70,66,0
male,group E,bachelor's degree,standard,100,100,100,1
female,group C,high school,standard,44,61,52,0
female,group C,associate's degree,standard,57,77,80,1
male,group B,some college,standard,91,96,91,1
male,group D,high school,free/reduced,69,70,67,0
female,group C,high school,free/reduced,35,53,46,0
male,group D,high school,standard,72,66,66,0
female,group B,associate's degree,free/reduced,54,65,65,0
male,group D,high school,free/reduced,74,70,69,0
male,group E,some high school,standard,74,64,60,1
male,group E,associate's degree,free/reduced,64,56,52,0
female,group D,high school,free/reduced,65,61,71,1
male,group E,associate's degree,free/reduced,46,43,44,1
female,group C,some high school,free/reduced,48,56,51,0
male,group C,some college,free/reduced,67,74,70,1
male,group D,some college,free/reduced,62,57,62,0
male,group D,associate's degree,free/reduced,61,71,73,1
male,group C,bachelor's degree,free/reduced,70,75,74,1
male,group C,associate's degree,standard,98,87,90,1
male,group D,some college,free/reduced,70,63,58,0
male,group A,associate's degree,standard,67,57,53,0
female,group E,high school,free/reduced,57,58,57,0
male,group D,some college,standard,85,81,85,1
male,group D,some high school,standard,77,68,69,1
male,group C,master's degree,free/reduced,72,66,72,1
female,group D,master's degree,standard,78,91,96,0
male,group C,high school,standard,81,66,64,0
male,group A,some high school,free/reduced,61,62,61,1
female,group B,high school,standard,58,68,61,0
female,group C,associate's degree,standard,54,61,58,0
male,group B,high school,standard,82,82,80,0
female,group D,some college,free/reduced,49,58,60,0
male,group B,some high school,free/reduced,49,50,52,1
female,group E,high school,free/reduced,57,75,73,1
male,group E,high school,standard,94,73,71,0
female,group D,some college,standard,75,77,83,1
female,group E,some high school,free/reduced,74,74,72,0
male,group C,high school,standard,58,52,54,1
female,group C,some college,standard,62,69,69,0
male,group E,associate's degree,standard,72,57,62,0
male,group C,some college,standard,84,87,81,0
female,group D,master's degree,standard,92,100,100,0
female,group D,high school,standard,45,63,59,0
male,group C,high school,standard,75,81,71,0
female,group A,some college,standard,56,58,64,0
female,group D,some high school,free/reduced,48,54,53,0
female,group E,associate's degree,standard,100,100,100,0
female,group C,some high school,free/reduced,65,76,75,1
male,group D,some college,standard,72,57,58,0
female,group D,some college,standard,62,70,72,0
male,group A,some high school,standard,66,68,64,1
male,group C,some college,standard,63,63,60,0
female,group E,associate's degree,standard,68,76,67,0
female,group B,bachelor's degree,standard,75,84,80,0
female,group D,bachelor's degree,standard,89,100,100,0
male,group C,some high school,standard,78,72,69,1
female,group A,high school,free/reduced,53,50,60,1
female,group D,some college,free/reduced,49,65,61,0
female,group A,some college,standard,54,63,67,0
female,group C,some college,standard,64,82,77,1
male,group B,some college,free/reduced,60,62,60,1
male,group C,associate's degree,standard,62,65,58,0
male,group D,high school,standard,55,41,48,1
female,group C,associate's degree,standard,91,95,94,0
female,group B,high school,free/reduced,8,24,23,0
male,group D,some high school,standard,81,78,78,0
male,group B,some high school,standard,79,85,86,1
female,group A,some college,standard,78,87,91,1
female,group C,some high school,standard,74,75,82,0
male,group A,high school,standard,57,51,54,0
female,group C,associate's degree,standard,40,59,51,0
male,group E,some high school,standard,81,75,76,1
female,group A,some high school,free/reduced,44,45,45,0
female,group D,some college,free/reduced,67,86,83,1
male,group E,high school,free/reduced,86,81,75,1
female,group B,some high school,standard,65,82,78,1
female,group D,associate's degree,free/reduced,55,76,76,0
female,group D,bachelor's degree,free/reduced,62,72,74,0
male,group A,high school,standard,63,63,62,0
female,group E,master's degree,standard,88,99,95,1
male,group C,high school,free/reduced,62,55,55,0
female,group C,high school,free/reduced,59,71,65,1
female,group D,some college,standard,68,78,77,1
female,group D,some college,free/reduced,77,86,86,0
